dcbc523,saimadhudegala,2025-01-06,Merge pull request #11 from umaeswarj/saimadhudegala-patch-2
4fffaae,rs24ade,2025-01-06,Merge pull request #10 from umaeswarj/rs24ade-patch-1
03c3135,Bollepalli Mounika,2025-01-06,Merge pull request #9 from umaeswarj/bollepallimounika14-patch-1
62505ff,umaeswarj,2024-11-25,Merge pull request #8 from umaeswarj/umaeswarj-patch-5
2c73b90,umaeswarj,2024-11-24,Merge pull request #7 from umaeswarj/umaeswarj-patch-4
3b929ff,umaeswarj,2024-11-24,Merge pull request #6 from umaeswarj/JasonSimon235-patch-1
efe42ea,saimadhudegala,2024-11-24,Merge pull request #5 from umaeswarj/saimadhudegala-patch-1
9274e2a,saimadhudegala,2024-11-24,Merge pull request #4 from umaeswarj/saimadhudegala-patch-1-please-add-this-code
c5157e7,umaeswarj,2024-11-18,Merge pull request #3 from umaeswarj/umaeswarj-patch-3
380c13a,umaeswarj,2024-11-18,Merge pull request #2 from umaeswarj/umaeswarj-patch-2
fb63e4d,umaeswarj,2024-11-18,Merge pull request #1 from umaeswarj/umaeswarj-patch-1